{"architecture":"amd64","author":"FAN VINGA\u003cfanalcest@gmail.com\u003e","config":{"Env":["PATH=/usr/local/sbin:/usr/local/bin:/usr/sbin:/usr/bin:/sbin:/bin","NODE_ID=0","DNS_1=1.0.0.1","DNS_2=8.8.8.8","SPEEDTEST=6","CLOUDSAFE=0","AUTOEXEC=0","ANTISSATTACK=0","MU_SUFFIX=zhaoj.in","MU_REGEX=%5m%id.%suffix","API_INTERFACE=modwebapi","WEBAPI_URL=https://zhaoj.in","WEBAPI_TOKEN=glzjin","MYSQL_HOST=127.0.0.1","MYSQL_PORT=3306","MYSQL_USER=ss","MYSQL_PASS=ss","MYSQL_DB=shadowsocks","REDIRECT=github.com","CONNECT_VERBOSE_INFO=0","FAST_OPEN=false"],"Cmd":["/bin/sh","-c","envsubst \u003c apiconfig.py \u003e userapiconfig.py \u0026\u0026     envsubst \u003c config.json \u003e user-config.json  \u0026\u0026     echo -e \"${DNS_1}\\n${DNS_2}\\n\" \u003e dns.conf  \u0026\u0026     python server.py"],"WorkingDir":"/root/shadowsocks","ArgsEscaped":true,"OnBuild":null},"created":"2020-04-08T08:37:05.357464937Z","history":[{"created":"2020-03-23T21:19:34.027725872Z","created_by":"/bin/sh -c #(nop) ADD file:0c4555f363c2672e350001f1293e689875a3760afe7b3f9146886afe67121cba in / "},{"created":"2020-03-23T21:19:34.196162891Z","created_by":"/bin/sh -c #(nop)  CMD [\"/bin/sh\"]","empty_layer":true},{"created":"2020-04-08T08:35:22.901767636Z","created_by":"MAINTAINER FAN VINGA\u003cfanalcest@gmail.com\u003e","comment":"buildkit.dockerfile.v0","empty_layer":true},{"created":"2020-04-08T08:35:22.901767636Z","created_by":"ENV NODE_ID=0 DNS_1=1.0.0.1 DNS_2=8.8.8.8 SPEEDTEST=6 CLOUDSAFE=0 AUTOEXEC=0 ANTISSATTACK=0 MU_SUFFIX=zhaoj.in MU_REGEX=%5m%id.%suffix API_INTERFACE=modwebapi WEBAPI_URL=https://zhaoj.in WEBAPI_TOKEN=glzjin MYSQL_HOST=127.0.0.1 MYSQL_PORT=3306 MYSQL_USER=ss MYSQL_PASS=ss MYSQL_DB=shadowsocks REDIRECT=github.com CONNECT_VERBOSE_INFO=0 FAST_OPEN=false","comment":"buildkit.dockerfile.v0","empty_layer":true},{"created":"2020-04-08T08:35:22.901767636Z","created_by":"COPY . /root/shadowsocks # buildkit","comment":"buildkit.dockerfile.v0"},{"created":"2020-04-08T08:35:22.91789781Z","created_by":"WORKDIR /root/shadowsocks","comment":"buildkit.dockerfile.v0"},{"created":"2020-04-08T08:37:05.357464937Z","created_by":"RUN /bin/sh -c apk --no-cache add                         curl                         libintl                         python3-dev                         libsodium-dev                         openssl-dev                         udns-dev                         mbedtls-dev                         pcre-dev                         libev-dev                         libtool                         libffi-dev            \u0026\u0026      apk --no-cache add --virtual .build-deps                         tar                         make                         gettext                         py3-pip                         autoconf                         automake                         build-base                         linux-headers         \u0026\u0026      ln -s /usr/bin/python3 /usr/bin/python   \u0026\u0026      ln -s /usr/bin/pip3    /usr/bin/pip      \u0026\u0026      cp  /usr/bin/envsubst  /usr/local/bin/   \u0026\u0026      pip install --upgrade pip                \u0026\u0026      pip install -r requirements.txt          \u0026\u0026      rm -rf ~/.cache \u0026\u0026 touch /etc/hosts.deny \u0026\u0026      apk del --purge .build-deps # buildkit","comment":"buildkit.dockerfile.v0"},{"created":"2020-04-08T08:37:05.357464937Z","created_by":"CMD [\"/bin/sh\" \"-c\" \"envsubst \u003c apiconfig.py \u003e userapiconfig.py \u0026\u0026     envsubst \u003c config.json \u003e user-config.json  \u0026\u0026     echo -e \\\"${DNS_1}\\\\n${DNS_2}\\\\n\\\" \u003e dns.conf  \u0026\u0026     python server.py\"]","comment":"buildkit.dockerfile.v0","empty_layer":true}],"os":"linux","rootfs":{"type":"layers","diff_ids":["sha256:beee9f30bc1f711043e78d4a2be0668955d4b761d587d6f60c2c8dc081efb203","sha256:06cfd7503045cce05a42fa2e3484f9a6411bbfcecfcca97702b66fc41c47e6b7","sha256:a25d159becc38bf82a3b878574f0eb8a238a316ea44eddd7b25bfe8575f9e628","sha256:cc471758abdf941305fe0433cba2af6f1a7219356884c9eba77b77a7aee6ec9c"]}}